title,image_url,price,product_url,source_url,crawl_timestamp,brand_id
BJeans 01,https://protemoa.com/cdn/shop/files/new3_6c92954b-ef91-461e-9c5e-514138e6168d.jpg?v=1709827310&width=533,$99 USD,https://protemoa.com/products/bjeans,https://protemoa.com/collections/shop-all,2025-09-20 21:59:26,protemoa
A Way Home Hoodie,https://protemoa.com/cdn/shop/files/ho1_d4c16b7b-a685-4e77-9519-1c916a5cb630.jpg?v=1742902924&width=533,$99 USD,https://protemoa.com/products/a-way-home-hoodie,https://protemoa.com/collections/shop-all,2025-09-20 21:59:26,protemoa
BJeans 02,https://protemoa.com/cdn/shop/files/news1.jpg?v=1709827316&width=533,$99 USD,https://protemoa.com/products/bjeans-02,https://protemoa.com/collections/shop-all,2025-09-20 21:59:26,protemoa
Touch Red Cardigan,https://protemoa.com/cdn/shop/files/1_b3cde0ab-ae49-44cb-bc74-9612abc52ca5.jpg?v=1752775745&width=533,$99 USD,https://protemoa.com/products/touch-red-cardigan,https://protemoa.com/collections/shop-all,2025-09-20 21:59:26,protemoa
Emptiness Bag,https://protemoa.com/cdn/shop/files/r.jpg?v=1701349056&width=533,$89 USD,https://protemoa.com/products/emptiness-bag,https://protemoa.com/collections/shop-all,2025-09-20 21:59:26,protemoa
Pin Bag: The Shadowplay,https://protemoa.com/cdn/shop/files/11_3.jpg?v=1755606868&width=533,$94 USD,https://protemoa.com/products/pin-bag-the-shadowplay,https://protemoa.com/collections/shop-all,2025-09-20 21:59:26,protemoa
BJeans 03,https://protemoa.com/cdn/shop/files/2_86c8e55c-6dc4-454b-8277-78dcd8777f1b.jpg?v=1719249310&width=533,$99 USD,https://protemoa.com/products/bjeans-03,https://protemoa.com/collections/shop-all,2025-09-20 21:59:26,protemoa
Void Cardigan,https://protemoa.com/cdn/shop/files/11_98ad2c73-ff4a-4020-8bf6-553d6e16cee5.jpg?v=1723659936&width=533,$99 USD,https://protemoa.com/products/void-cardigan,https://protemoa.com/collections/shop-all,2025-09-20 21:59:26,protemoa
Gradient Sweatpants,https://protemoa.com/cdn/shop/files/11.jpg?v=1746465666&width=533,$89 USD,https://protemoa.com/products/gradient-sweatpants,https://protemoa.com/collections/shop-all,2025-09-20 21:59:26,protemoa
BJeans 08,https://protemoa.com/cdn/shop/files/07_b2cbdbd0-e91f-4a01-9bab-2746ba275356.jpg?v=1747151338&width=533,$99 USD,https://protemoa.com/products/bjeans-08,https://protemoa.com/collections/shop-all,2025-09-20 21:59:26,protemoa
BJeans 04,https://protemoa.com/cdn/shop/files/12_f21fd338-6318-4e78-be33-3c77b49b611c.jpg?v=1720468514&width=533,$99 USD,https://protemoa.com/products/bjeans-04,https://protemoa.com/collections/shop-all,2025-09-20 21:59:26,protemoa
Touch Grass Cardigan,https://protemoa.com/cdn/shop/files/new1_02eed08a-aba0-4906-a2b6-6b8408accd25.jpg?v=1737640480&width=533,$99 USD,https://protemoa.com/products/touch-grass-cardigan,https://protemoa.com/collections/shop-all,2025-09-20 21:59:26,protemoa
BJeans 05,https://protemoa.com/cdn/shop/files/05_eba0400a-8bd7-4bf3-8050-c8ab0e21861b.jpg?v=1747152225&width=533,$99 USD,https://protemoa.com/products/bjeans-05,https://protemoa.com/collections/shop-all,2025-09-20 21:59:26,protemoa
Triple Zip Cardigan,https://protemoa.com/cdn/shop/files/car1ver2.jpg?v=1706885076&width=533,$109 USD,https://protemoa.com/products/triple-zip-cardigan,https://protemoa.com/collections/shop-all,2025-09-20 21:59:26,protemoa
Raven Blazer,https://protemoa.com/cdn/shop/files/8.jpg?v=1746540157&width=533,$109 USD,https://protemoa.com/products/raven-blazer,https://protemoa.com/collections/shop-all,2025-09-20 21:59:26,protemoa
Raven Jeans,https://protemoa.com/cdn/shop/files/1_4ca89841-98de-4323-a27f-ee3803c58efb.jpg?v=1746540158&width=533,$99 USD,https://protemoa.com/products/raven-jeans,https://protemoa.com/collections/shop-all,2025-09-20 21:59:26,protemoa
Convertible Pants + Shorts,https://protemoa.com/cdn/shop/files/22.jpg?v=1747331118&width=533,$109 USD,https://protemoa.com/products/cargo-pants,https://protemoa.com/collections/shop-all,2025-09-20 21:59:26,protemoa
Striped Jeans,https://protemoa.com/cdn/shop/files/9_8464e746-db1d-4ee9-98f9-3be308dac081.jpg?v=1747313544&width=533,$99 USD,https://protemoa.com/products/striped-jeans,https://protemoa.com/collections/shop-all,2025-09-20 21:59:26,protemoa
Gradient Black Sweatpants,https://protemoa.com/cdn/shop/files/9_637f9d5e-e708-4b7d-a8c2-d24ca1606668.jpg?v=1747313542&width=533,$89 USD,https://protemoa.com/products/gradient-black-sweatpants,https://protemoa.com/collections/shop-all,2025-09-20 21:59:26,protemoa
Cheetah Hoodie,https://protemoa.com/cdn/shop/files/1_ffc6de1b-de86-4ca7-9461-cac196142ed8.jpg?v=1747313555&width=533,$89 USD,https://protemoa.com/products/cheetah-hoodie,https://protemoa.com/collections/shop-all,2025-09-20 21:59:26,protemoa
BJeans 06,https://protemoa.com/cdn/shop/files/6_5901bcc1-d00c-4035-b785-39d4520aa1bb.jpg?v=1747151421&width=533,$99 USD,https://protemoa.com/products/bjeans-06,https://protemoa.com/collections/shop-all,2025-09-20 21:59:26,protemoa
Armour Hoodie,https://protemoa.com/cdn/shop/files/5_b6939775-8f00-463d-a25d-ff91ceac58bf.jpg?v=1746197299&width=533,$109 USD,https://protemoa.com/products/armour-hoodie,https://protemoa.com/collections/shop-all,2025-09-20 21:59:26,protemoa
BJeans 07,https://protemoa.com/cdn/shop/files/06_sure.jpg?v=1747151385&width=533,$99 USD,https://protemoa.com/products/bjeans-07,https://protemoa.com/collections/shop-all,2025-09-20 21:59:26,protemoa
Human & Pet Hoodie Set,https://protemoa.com/cdn/shop/files/both.jpg?v=1734105193&width=533,$129 USD,https://protemoa.com/products/human-pet-hoodie-set,https://protemoa.com/collections/shop-all,2025-09-20 21:59:26,protemoa
Human Hoodie,https://protemoa.com/cdn/shop/files/8_b39ad641-ac73-4610-a8aa-024235fa866f.jpg?v=1746197293&width=533,$79 USD,https://protemoa.com/products/human-matching-hoodie,https://protemoa.com/collections/shop-all,2025-09-20 21:59:26,protemoa
Pet Matching Hoodie,https://protemoa.com/cdn/shop/files/18.jpg?v=1746197296&width=533,$59 USD,https://protemoa.com/products/pet-matching-hoodie,https://protemoa.com/collections/shop-all,2025-09-20 21:59:26,protemoa
Reversed Hoodie,https://protemoa.com/cdn/shop/files/15_da2c0046-646b-4650-9e90-6fd3573d527b.jpg?v=1735198463&width=533,$109 USD,https://protemoa.com/products/reversed-hoodie,https://protemoa.com/collections/shop-all,2025-09-20 21:59:26,protemoa
Reversed Pants,https://protemoa.com/cdn/shop/files/4_cd490e24-9949-4ea9-9ee1-505d65a2ed34.jpg?v=1735198463&width=533,$109 USD,https://protemoa.com/products/reversed-pants,https://protemoa.com/collections/shop-all,2025-09-20 21:59:26,protemoa
Race Jeans,https://protemoa.com/cdn/shop/files/4_457fcc15-0060-4d67-9957-250607ce0150.jpg?v=1722961940&width=533,$89 USD,https://protemoa.com/products/race-jeans,https://protemoa.com/collections/shop-all,2025-09-20 21:59:26,protemoa
Race Jacket,https://protemoa.com/cdn/shop/files/4_32fbadfd-4a77-45f9-8848-8dba48a4b635.jpg?v=1734105171&width=533,$94 USD,https://protemoa.com/products/race-jacket,https://protemoa.com/collections/shop-all,2025-09-20 21:59:26,protemoa
Echo Sweater,https://protemoa.com/cdn/shop/files/straight.jpg?v=1732798994&width=533,$109 USD,https://protemoa.com/products/echo-sweater,https://protemoa.com/collections/shop-all,2025-09-20 21:59:26,protemoa
Touch Black Cardigan,https://protemoa.com/cdn/shop/files/6_380e3e6a-b633-4280-b119-b9afd5fc6e9c.jpg?v=1752775837&width=533,$99 USD,https://protemoa.com/products/touch-black-cardigan,https://protemoa.com/collections/shop-all,2025-09-20 21:59:26,protemoa
Hanko Silver Necklace,https://protemoa.com/cdn/shop/files/main2_92b693a5-8993-4c48-9c85-4bc6e0c16652.jpg?v=1714669030&width=533,$148 USD,https://protemoa.com/products/hanko-silver-necklace,https://protemoa.com/collections/shop-all,2025-09-20 21:59:26,protemoa
Sinner Belt,https://protemoa.com/cdn/shop/files/1002.jpg?v=1746199959&width=533,$49 USD,https://protemoa.com/products/sinner-belt,https://protemoa.com/collections/shop-all,2025-09-20 21:59:26,protemoa
Pack Of 3 F*ck Nudes Panties,https://protemoa.com/cdn/shop/files/withbase1.jpg?v=1714669062&width=533,$29 USD,https://protemoa.com/products/f-ck-nudes-panties,https://protemoa.com/collections/shop-all,2025-09-20 21:59:26,protemoa
Prot√©moa Jersey 01,https://protemoa.com/cdn/shop/files/1_0c9ceb88-8f07-4f50-a56d-b0b8a8a7df97.jpg?v=1722613325&width=533,$59 USD,https://protemoa.com/products/protemoa-jersey-01,https://protemoa.com/collections/shop-all,2025-09-20 21:59:26,protemoa
Dirty Beige T-Shirt,https://protemoa.com/cdn/shop/files/3_f1e44f25-112e-4343-aba4-fd49f3005b56.jpg?v=1722613296&width=533,$59 USD,https://protemoa.com/products/dirty-beige-t-shirt,https://protemoa.com/collections/shop-all,2025-09-20 21:59:26,protemoa
Black Relaxed T-Shirt,https://protemoa.com/cdn/shop/files/4_c235b3b1-8e7a-412a-a514-2d208eeb8a08.jpg?v=1722613272&width=533,$59 USD,https://protemoa.com/products/black-relaxed-t-shirt,https://protemoa.com/collections/shop-all,2025-09-20 21:59:26,protemoa
Heart-Shaped T-shirt,https://protemoa.com/cdn/shop/files/new.jpg?v=1746197288&width=533,$59 USD,https://protemoa.com/products/heart-shaped,https://protemoa.com/collections/shop-all,2025-09-20 21:59:26,protemoa
